id,story,users,url
5931942,Die Bombe platzt: Ibiza in Van der Bellens Kalender,115662,https://www.diepresse.com/5931942
5960378,Der Österreich-Lockdown ist (vorerst) abgesagt,109959,https://www.diepresse.com/5960378
5944173,Vorerst keine weiteren Öffnungen in Österreich,104497,https://www.diepresse.com/5944173
5930543,Heute vor 90 Jahren: Österreichs Städte in Not,103917,https://www.diepresse.com/5930543
5933784,Anschober: Die Lockdowns haben sich abgenützt,100376,https://www.diepresse.com/5933784
5961199,"Hans Peter Doskozil: Es ist erbärmlich, was da gerade abgeht",99311,https://www.diepresse.com/5961199
5970469,"Wolfgang Mückstein: Genesen, getestet, geimpft: Das ist nicht gleichwertig",95700,https://www.diepresse.com/5970469
5940011,"Der Forscher, der als Erster warnte: Wollen nicht in diesem Fegefeuer bleiben",95552,https://www.diepresse.com/5940011
5986570,Kanzler Kurz erneut im Fokus der WKStA,92273,https://www.diepresse.com/5986570
5967318,Wolfgang Mückstein: Keiner wie Rudolf Anschober,85095,https://www.diepresse.com/5967318
5975401,Wie Impfverweigerung sanktioniert werden könnte,83135,https://www.diepresse.com/5975401
5931156,"Wie unsere Sprache verrät, dass die Liebe erlischt",82301,https://www.diepresse.com/5931156
6000852,Die ungewöhnliche Beweisführung im Fall Kurz,79521,https://www.diepresse.com/6000852
5936211,Ermittlungen gegen Blümel: Wer ist Kurz?,79447,https://www.diepresse.com/5936211
5975368,"Wer nicht erneut impfen geht, soll Rechte wieder verlieren",78221,https://www.diepresse.com/5975368
5996798,Manche Genesene waren nur auf dem Papier krank,76196,https://www.diepresse.com/5996798
5959764,Virologe: Impfen von 40- bis 50-Jährigen macht mehr Sinn,75271,https://www.diepresse.com/5959764
5963898,Der Fall Anschober: Starke Schwäche?,72389,https://www.diepresse.com/5963898
5946473,Anschober will strenger durchgreifen,70162,https://www.diepresse.com/5946473
5956011,Ostgipfel: Schulen im Visier,67402,https://www.diepresse.com/5956011
5945077,"Mallorca statt Ibiza: Zack, zack zum Staatsanwalt",66522,https://www.diepresse.com/5945077
6000465,Coronapläne: Weitere Lockerungen ab 1. Juli sind fix,64992,https://www.diepresse.com/6000465
5964836,Live ab 9:30 Uhr: Gesundheitsminister Anschober vor Rücktritt,64392,https://www.diepresse.com/5964836
5950742,ÖVP fordert Suspendierung von Spitzenbeamten im Gesundheitsministerium,60581,https://www.diepresse.com/5950742
5980185,»Es geht um die Vernichtung despolitischen Gegners«,58793,https://www.diepresse.com/5980185
5947123,"Rudolf Anschober: Ich war am Montag derjenige, der Bedenken hatte",56776,https://www.diepresse.com/5947123
5946145,HPV-Viren: Man könnte das auch als Pandemie bezeichnen,53550,https://www.diepresse.com/5946145
5950559,Kurz gegen Auer – der nächste Dämpfer für Türkis-Grün,52112,https://www.diepresse.com/5950559
5985168,Schlagabtausch mit Kurz im Parlament: Sie sagen dauernd die Unwahrheit,52081,https://www.diepresse.com/5985168
5991378,Schmid an Blümel: Mitterlehner wird flippen,51410,https://www.diepresse.com/5991378
5972273,Kurz: Bei Blümel werden sich alle entschuldigen müssen,49130,https://www.diepresse.com/5972273
5955074,Live ab 18 Uhr: Regierung präsentiert neue Corona-Maßnahmen,48083,https://www.diepresse.com/5955074
5960425,Ist der Vorarlberger Weg gescheitert?,46449,https://www.diepresse.com/5960425
5931041,Lockdown-Lockerung? Regierung gibt Fahrplan bekannt,45977,https://www.diepresse.com/5931041
5941060,Die Bombe platzt: Als die FPÖ Van der Bellens Kalender vorlegen wollte,42538,https://www.diepresse.com/5941060
6013381,"Wie bitte, Herr Kanzler?: Ex-Rektor widerspricht Kurz",42057,https://www.diepresse.com/6013381
5976714,Grüner Pass: Gesundheitsministerium streicht eCard-Pläne,41957,https://www.diepresse.com/5976714
5938605,Hofer bittet Van der Bellen um Entlassung der Regierung,41372,https://www.diepresse.com/5938605
5952466,Österreich ließ Millionen an Impfdosen liegen,41364,https://www.diepresse.com/5952466
6010552,Ein Koalitionsbruch mit schmerzhaften Folgen,41018,https://www.diepresse.com/6010552
6012484,"Werner Kogler: Das ist eine alte, primitive Masche",40398,https://www.diepresse.com/6012484
5978887,Ermittlungen gegen Kanzler Kurz wegen Falschaussage,40123,https://www.diepresse.com/5978887
5960965,Wieso gibt es im Suezkanal keine Schleusen?,38960,https://www.diepresse.com/5960965
5988055,"Kickl, ohne Netz und ahnungslos",38950,https://www.diepresse.com/5988055
5996512,Türkise: Out of Message Control,38875,https://www.diepresse.com/5996512
5955373,Nach Haimbuchner auch Zweiter Landtagspräsident im Spital,38809,https://www.diepresse.com/5955373
5958204,Von der Staatsholding zur Thomas Schmid AG,37054,https://www.diepresse.com/5958204
5964922,Werde unpopuläre Entscheidungen treffen: Mückstein wird neuer Gesundheitsminister,36868,https://www.diepresse.com/5964922
5999099,Schellhorn: In der ÖVP gilt mein Dank Gernot Blümel,35815,https://www.diepresse.com/5999099
5950925,Kickl ist das Ventil: Bei Druck sehr laut,35565,https://www.diepresse.com/5950925
5943786,"Vizekanzler Kogler: Ich erwarte, dass die Attacken der ÖVP aufhören",35415,https://www.diepresse.com/5943786
5951166,Oppositions-Kritik an Kurz: Unglaubwürdiger geht es nicht,35248,https://www.diepresse.com/5951166
5973702,"Frauenmord in Wien: Wir haben geglaubt, es ist ein Terroranschlag ",34797,https://www.diepresse.com/5973702
5952424,Lockern oder Lockdown?,33591,https://www.diepresse.com/5952424
5984142,Wer einen Kanzler absetzen kann,33510,https://www.diepresse.com/5984142
5958799,Wer die Ostregion verlassen darf,33491,https://www.diepresse.com/5958799
5966411,"Martin Kocher: Die Angriffe nehmen einen mehr mit, als man denkt",33089,https://www.diepresse.com/5966411
5943474,"Gernot Blümel, ein grüner Glücksfall",33088,https://www.diepresse.com/5943474
5945590,Tiroler Bezirk Schwaz soll durchgeimpft werden,32450,https://www.diepresse.com/5945590
5946626,Run auf Hacklerregelung,32001,https://www.diepresse.com/5946626
6001947,Kurz sagt zum zweiten Mal im U-Ausschuss aus,31321,https://www.diepresse.com/6001947
5930926,"Öffnen Schulen, Handel und Friseure? Regierung berät über Lockerungen",31014,https://www.diepresse.com/5930926
5936010,Wie es zur Hausdurchsuchung bei Finanzminister Blümel kam,30152,https://www.diepresse.com/5936010
5976249,VfgH wendet sich an Van der Bellen: Blümel kommt Exekution zuvor,29952,https://www.diepresse.com/5976249
5955781,Kickl: Haimbuchners Erkrankung ändert nichts an FPÖ-Linie,29522,https://www.diepresse.com/5955781
5992984,Eine Entschuldigung von Kurz? Das wäre angebracht,29345,https://www.diepresse.com/5992984
5991972,Szenen einer lieblosen Koaltionsehe,28526,https://www.diepresse.com/5991972
5964683,Das Rudi-Anschober-Vakuum,28024,https://www.diepresse.com/5964683
5973821,"Precht: Früher wurde Treue, heute wird Untreue belohnt",27788,https://www.diepresse.com/5973821
5963966,Gernot Blümel: Das passiert ja wohl in jeder Regierung,27241,https://www.diepresse.com/5963966
5961644,Wird der harte Lockdown im Osten Österreichs verlängert?,26655,https://www.diepresse.com/5961644
5994365,U-Ausschuss: Die halbe Regierung muss in den Zeugenstand,26447,https://www.diepresse.com/5994365
5954028,Doskozil bezeichnet Kurz als Florian Silbereisen der Politik,26252,https://www.diepresse.com/5954028
5983669,Wie werde ich ihn los? Anleitung in fünf Schritten,25962,https://www.diepresse.com/5983669
5944811,Kurz will sich bei Impfstoffen nicht mehr auf EU verlassen,25831,https://www.diepresse.com/5944811
5958764,"Was sagte, wusste, schrieb Sebastian Kurz?",25697,https://www.diepresse.com/5958764
5980613,Wie sich der Kanzler verteidigen wird,25645,https://www.diepresse.com/5980613
6006094,Kurz: Wendepunkt in der Pandemiebekämpfung,25227,https://www.diepresse.com/6006094
5975545,Grüne lassen sich überfahren: SPÖ kritisiert Mückstein,25008,https://www.diepresse.com/5975545
5975181,Getötete Frau: Was wird aus den Kindern?,24766,https://www.diepresse.com/5975181
5938347,Wie sich eine militante Minderheit unter den Eltern gegen die Schüler-Tests wehrt,24765,https://www.diepresse.com/5938347
5980708,Sondersitzung im Nationalrat: Kurz und Blümel im Fokus,24750,https://www.diepresse.com/5980708
5979524,Sebastian Kurz: Schuldig oder unschuldig?,24746,https://www.diepresse.com/5979524
5959803,Causa Öbag: Nach den Chats die E-Mails,24462,https://www.diepresse.com/5959803
5965744,Opposition will Herausgabe von Kurz' Handydaten erzwingen,24283,https://www.diepresse.com/5965744
6013207,Weisung: Kurz wird von einem Richter befragt,23442,https://www.diepresse.com/6013207
5956571,BVT: IT-Techniker saugte illegal Handydaten ab,23416,https://www.diepresse.com/5956571
6004056,"Strache vor Gericht: Ja, ich bin ein Bargeld-Fetischist",23163,https://www.diepresse.com/6004056
5981093,Gegendarstellung,23113,https://www.diepresse.com/5981093
5990410,Hat Kurz Löger von der Hausdurchsuchung erzählt?,23072,https://www.diepresse.com/5990410
5938699,Das Handy war Zeuge,23019,https://www.diepresse.com/5938699
5932144,"Kickl: Genügt, wenn Gesetzesbrecher in der Regierung sitzen",22840,https://www.diepresse.com/5932144
5964726,Künftig wieder mildere Strafen bei Vergewaltigung?,22488,https://www.diepresse.com/5964726
5986675,Die Wandlung der Klaudia Tanner,22482,https://www.diepresse.com/5986675
5968366,Türkis-Grün plant Sprungbrett für Langzeitarbeitslose,22207,https://www.diepresse.com/5968366
5970745,Der König von Steyr und seine gut bezahlten Arbeiter,22038,https://www.diepresse.com/5970745
5965289,"Rudolf Anschober, Minister der vielen Entschuldigungen",21355,https://www.diepresse.com/5965289
5972420,Geimpfter FPÖ-Chef warnt vor Spaltung in Gut und Böse,21083,https://www.diepresse.com/5972420
5956567,"Lockdown in Ostösterreich: Handel schließt, Fernunterricht kommt",21059,https://www.diepresse.com/5956567
5951764,Angst vor Thrombosen: Experten geben Entwarnung,20947,https://www.diepresse.com/5951764